Target Word,Similar Words
good,"[('little', 0.9998401999473572), ('see', 0.9998345375061035), ('feature', 0.9998314380645752), ('got', 0.9998263120651245), ('thing', 0.9998248219490051), ('say', 0.9998229742050171), ('nice', 0.9998210668563843), ('use', 0.9998195767402649), ('really', 0.9998162984848022), ('look', 0.999815046787262)]"
bad,"[('review', 0.9998258948326111), ('unit', 0.999820351600647), ('update', 0.9998171925544739), ('think', 0.9998095035552979), ('way', 0.9998045563697815), ('bit', 0.9998031258583069), ('back', 0.9998028874397278), ('problem', 0.9997987151145935), ('take', 0.9997959136962891), ('feature', 0.9997935891151428)]"
excellent,"[('say', 0.9994319081306458), ('thing', 0.9994164109230042), ('good', 0.9994151592254639), ('never', 0.9993910789489746), ('around', 0.9993787407875061), ('text', 0.9993757605552673), ('little', 0.9993736147880554), ('great', 0.9993718266487122), ('star', 0.9993657469749451), ('using', 0.9993645548820496)]"
poor,"[('issue', 0.9993852972984314), ('got', 0.9993686676025391), ('cant', 0.9993548393249512), ('update', 0.9993541836738586), ('see', 0.9993540048599243), ('bit', 0.9993531703948975), ('small', 0.9993523955345154), ('wifi', 0.999351978302002), ('far', 0.9993504285812378), ('fine', 0.9993491172790527)]"
happy,"[('still', 0.9996845126152039), ('price', 0.999680757522583), ('using', 0.9996752142906189), ('one', 0.9996662735939026), ('would', 0.9996581673622131), ('im', 0.9996539950370789), ('review', 0.9996532797813416), ('back', 0.999646782875061), ('need', 0.9996463656425476), ('got', 0.9996391534805298)]"
sad,"[('mark', 0.990298867225647), ('low', 0.9902126789093018), ('cheaper', 0.9900199770927429), ('recently', 0.9899272322654724), ('appears', 0.9899256825447083), ('learning', 0.9899100065231323), ('bedroom', 0.9898577928543091), ('somewhat', 0.9898509979248047), ('limited', 0.9897827506065369), ('outside', 0.9897477030754089)]"
